Iterations;Agent 1;Agent 2;Agent 3;Agent 4;Agent 5;Agent 6;Agent 7;Agent 8;Agent 9;Agent 10
1;54.82190134087206;481.95342121429707;626.2163558332248;594.8160853271966;941.0848035529991;151.46275601637572;88.21147576686916;766.4751294388274;269.5626363566841;385.7261582662681
2;902.2057267688078;850.0205100553234;602.3741693544206;618.2167556621655;913.6356621193029;125.00092487252404;111.76941153805203;739.3633145104728;292.21558398115394;408.93683356078
3;484.6090543054306;481.7307956205645;618.3146800721663;601.71539080807;901.4242799039387;127.83037125851534;125.18676837004436;762.3237518227106;314.72274060832564;385.28056249511536
4;209.39531801370197;231.46654740158672;602.4192539631965;617.4986140299278;875.3919282814393;153.6173646071031;149.13747738626316;785.1460516510971;289.2807495287915;408.2068322195166
5;472.04724487697405;464.8189348286643;616.4126897765609;601.1205570414581;849.5841256559474;148.82702098655835;153.58047005998742;807.8018744078822;266.3543853990248;381.7719921434963
6;642.1499871380853;748.3614943827134;602.2661191433681;615.4774040300025;824.895001757799;153.7199738525061;149.0286004501117;833.4334667149574;240.05541859965976;408.8797183097907
7;484.0114484724456;514.8245379076565;615.1988455066104;602.3404053018288;832.905725850228;149.42864575944816;153.8610777921135;825.3348171451265;216.0827932904323;385.98038125438967
8;744.5600767046271;750.9885557350797;603.3835690287763;613.9720657561681;825.9604361502097;153.48324377135384;149.52463735214388;832.3975416045538;192.46407735407456;413.3334946551842
9;278.90860445051715;320.39476476980667;614.6389911385568;604.1331543620356;832.8623273711639;149.79069878391266;153.36417138608527;826.5301071013205;169.95704515394294;440.2423508018965
10;711.2713645307798;697.2588551865732;603.8589773640364;615.2960225404396;826.6878359865837;153.7002660521185;150.03797734949535;832.3216150162413;153.97074049219106;416.23583856708507
11;280.9599108344388;292.4308863681761;614.3397690070955;603.7494007579239;832.4035492268932;156.95738423445152;153.52142600834537;826.7421120143985;151.2577817974366;440.00652559914005
12;703.0639864504167;756.9723374100876;604.478668890726;613.7421695614654;827.2910175974274;153.5554981825328;150.37419671453247;831.8433839727894;154.38541150893425;416.94539226445744
13;293.3014401733677;303.85910929938666;613.2604500095152;605.0421523142269;832.0264247777719;156.47945946146768;153.78143932435012;827.4567303286261;151.4154215160463;440.964581269141
14;710.0151565921909;792.3315241022591;605.5583051293013;612.6931869814143;827.8480514365526;153.48396914012397;150.7256431955085;832.4385866647293;154.22830140763028;416.0359657227623
15;290.8907273266201;285.12263232144744;613.3557757686816;605.583053223988;832.0445940882763;156.43942139006379;153.85958811451246;828.0060952261173;151.30343127172227;440.2774812923002
16;757.4498091574825;682.5679059822079;604.8183297520523;612.6266629504902;827.7879805318187;153.15303806403008;150.9793763503321;831.9303415554338;154.43644071803732;416.28149990214416
17;284.650606514739;272.8282451704968;611.8525283382988;604.6694546296707;831.9012482669707;156.18786743879335;153.78174035063634;828.0402966418137;151.46884191303252;442.8533571197956
18;691.0299934110858;765.0224690604658;604.8556371762254;611.3848561603701;828.2449692907346;153.44350155012125;150.91270021043462;832.1538908214549;154.3385773940341;419.0588859454171
19;301.79558852103344;285.43893674129646;612.0189015204568;604.6186610005715;832.3764374610461;156.155562889351;153.7849494923226;828.2505707657804;151.46202728052455;443.8623066446465
20;715.4781913133405;750.1496023538137;604.8615764303917;607.4811977360936;828.3588131023686;152.9062110838013;150.89768724215315;832.6197246350026;154.250223421553;416.65822753917496
21;265.2068660348644;294.81349681447404;607.5647143839445;604.3076336906009;832.3947062600159;155.99540621528757;154.01517632151803;828.4257166994355;151.52254577064227;442.9755919445896
22;686.9374522931769;648.3726169454179;604.1186155631426;607.6578975561798;828.2771259543131;152.73665833095092;156.89834121939768;832.5650319195055;154.31886311671823;417.40482479940584
23;278.0403557142046;307.0555553195961;607.8018861724381;604.2186837727515;832.2728290973773;155.71656887098982;153.8537151702987;828.5418847260547;151.35958938784773;442.68273205161796
24;719.8554647675444;713.227879392699;604.233670850145;607.9598203371809;828.656646028127;152.4897909729187;156.77365906736586;832.3482475249361;154.305001225217;417.03042657822346
25;301.3240249102471;308.97969777222687;608.1420713027669;604.3896376188051;832.3755498964836;155.41598264393465;153.6225154058393;828.834901435856;151.05927978989612;440.69658567056456
26;153.6225154058393;553.3311449806152;604.0271563437587;608.3507019109443;828.6814978047039;152.22448627993447;156.59197827442776;832.5882636898814;154.02421344181874;413.7158440101506
27;286.9559113006979;311.99539924706903;608.6901159883881;611.5746609194888;832.3365375210698;156.84382538199864;183.79616277851423;828.9685291955141;156.76163278391215;389.72724698596545
28;451.9087753844415;471.0855512719816;611.5287637520507;608.6227788868483;828.6675775909621;182.7330376099183;208.30482122107546;832.2924934285455;183.7097765356295;412.6791807509336
29;744.928063959883;687.2902799440272;608.7611145902604;611.3762150662238;832.1548060492752;209.0987762457068;232.86382374687938;828.68043897422;209.84281191231707;437.87846677092324
30;345.3557747536067;323.31654454138925;611.793706146186;614.0851310906087;828.6081087737507;234.94749378356926;257.7620162569731;832.4634676429953;232.4506263646257;415.25383057862683
31;792.3457467983984;106.34430893213873;614.7248361659014;611.3342521609269;832.5439607606886;258.11550917931146;283.61351004062374;828.2390168605968;258.2828457629789;388.53523380005345
32;488.11877997848603;484.5524401843111;611.0007583808315;614.9307160975728;828.4950807685129;260.9908600811516;306.72344975854605;831.417152012993;261.3069201022578;363.2846332481756
33;678.4025673566508;651.3931762427112;614.6648097872976;610.7431017126502;831.2535544432399;285.21253910485376;333.94215316793037;828.1209511342491;284.89721037340274;340.4705265965127
34;133.3390400461666;436.2291253466708;611.1330377343696;614.6054833840097;827.9167146881833;308.6550647223502;306.87721732285775;825.153679187878;309.06173799059286;316.4602225541615
35;709.746147384838;680.7743553510219;614.7103334848684;611.3219944667973;825.1405948711595;311.82159152871907;309.8996793975196;828.4387403447643;305.92796110043577;308.77353870948946
36;418.91987288386775;436.68399617704216;611.1441813854309;614.6678885927216;828.6829043119968;308.5522932745697;306.77752823265104;825.1999889806526;308.7319033583175;311.7769615442771
37;777.0346137549874;154.96416133830976;614.5732011882928;611.3191101405741;825.3232740957164;311.27362787745534;309.69841492794444;828.5753924815822;305.71166930742817;308.5566754833028
38;481.27819026061775;425.1119309535986;611.5524205051996;614.4260280579447;828.5317905143245;308.02906810183947;306.5352104619522;825.2708709371212;308.5909464143204;311.8106378489591
39;155.74163789056416;653.083046724742;614.620792416486;611.24177929609;825.3002817445298;311.2658650654819;309.3754656511684;828.3544373951064;305.8885921372799;308.34539100484164
40;476.9458352159595;430.7803299431328;611.3639868012725;614.4093372175549;828.4139479211963;337.64264515237375;312.2991966718665;825.0933270533219;310.9618519474449;311.22025974954755
41;660.337378256269;712.3368944902862;614.6349670446823;611.4103479312213;824.9108966343908;364.50520275502254;337.9379009606304;828.6790149682283;334.5703196127;334.60114277799306
42;531.1486371214664;481.865040982525;611.5989117649415;614.4630368240257;828.4499500950467;387.5268068209214;364.596063251662;824.9790778659959;359.79429687050435;358.73232440666703
43;660.4131133409492;725.3050153623911;614.4242459326633;611.7567192705119;825.1815514091376;414.02994732881336;387.880469409521;827.754037037508;384.6426366711726;384.56919015759655
44;175.59307663725278;500.31501470757445;611.1985714333172;614.9426211489641;827.977787306985;439.37605286480766;411.1035073054064;830.5988200277494;410.41074020613917;411.38336160498926
45;322.0155788832761;706.3592793738637;408.21561203143057;410.41074020613917;415.819057240718;437.2656728695166;611.4262932146632;615.2967836574055;827.8109493214589;830.8164404371502
46;496.63993903369965;567.9107003315454;611.6539339904737;615.4719386411198;827.8841699507853;410.16520651978306;411.35844796537174;830.7275004053796;417.5450741224394;411.50815141693164
47;760.7068437588871;767.4763386456715;615.2239649735448;611.9258760765664;831.1061222213012;413.3779307649026;414.09630085075474;827.7876624183283;411.77893488318347;408.73117749919464
48;491.63344060498287;206.8727763418573;612.4302515490181;615.1318350299478;827.496217966976;416.13411684598196;411.21287803499655;831.056886497224;414.6959523550078;413.7572483251393
49;652.291072882671;719.5893492852674;615.2127225565979;612.1067313597563;830.8630664642026;441.23956265356554;435.45669849035016;828.010474947593;433.47542832952973;432.3924864352812
50;503.5029146955362;231.44196109921484;612.228862395112;615.4761306009518;827.8285587219767;434.9917624265599;441.0114455446776;830.7303834812403;436.2257596300407;435.3416598376647
51;432.3243438099361;510.09234276362486;434.9917624265599;435.93186241733684;437.79993819343247;636.4441231542371;638.3919717861379;763.2723934119406;824.7586016818167;827.6765626845053
52;221.654713010622;307.042428554274;639.252419683015;635.3380763313846;827.9066413523668;434.8879740210972;433.0743133448082;824.6173737368734;435.993876406179;435.5754895441935
53;553.9978108877489;530.4492911731272;635.2375308723188;639.587708819946;824.8296394284972;438.0208926259896;436.0289300201617;828.197568318056;433.23902312074534;438.38558358514354
54;687.9708482288463;739.0322314305658;639.6635702522301;634.9015051148546;828.3941273494942;441.16028505222243;438.7699908145245;824.5611233954476;436.1663513498989;435.1020814978025
55;506.09410332059315;572.1730092620483;634.7712490501087;639.8993244894375;824.1855959484429;438.1129189091224;441.83091212618245;828.5141238608603;433.0783211179273;438.0122912423003
56;771.7153882438517;763.1811116366459;639.5211200825028;634.7635770930559;828.311837868632;434.8753697821961;438.06593898710497;824.0892028715643;437.8623619530438;440.82356516678726
57;550.7833437889246;519.4935671241568;634.9593166703318;639.2539384618658;823.8660159860628;437.75851429182853;435.2479004726698;828.3953262882262;440.90601547138033;437.9182985277118
58;761.312626625032;677.1852855175493;639.4137222920647;635.0929284410848;828.6985218890105;440.8649096063264;438.3388998870264;824.2288971717626;438.17606511298015;440.6670361662632
59;438.3388998870264;538.2970947440743;634.726513525343;639.4926785816039;824.3925205028296;437.65805465332977;441.338078063132;828.6554590325978;440.9834378062199;443.7186154570406
60;778.1567968024731;795.1859009585745;639.3061459974135;634.6433509317231;828.2327160978499;440.3955554554675;438.1261728636305;824.2633612769271;444.00749261235944;440.8814672413525
61;532.1778013786994;499.28288194745386;634.2075928488695;639.6682104545232;824.3236957073243;443.1045783997469;440.96839313926415;827.9150933210623;440.9317506025546;443.9224291573941
62;232.51726948608467;319.32680320491545;639.9463928974062;642.7468529547948;828.2578895667392;470.30364474216304;465.25628617611926;830.7027467482208;468.3130886632803;466.78607030140927
63;675.5704716889808;106.3779924942368;642.7656101642866;639.9772788525214;831.3129878115935;467.0182994835263;468.1102470721965;827.4662522860563;465.4365894843886;469.716362345632
64;285.3957872111267;306.7711134540029;640.0526828888078;642.7896705190409;827.1964437482615;469.8762096886407;464.9489601921622;831.2474642086831;468.64147469464586;466.9679841969011
65;722.9178442727452;796.3620890307027;642.8866502112226;639.6612385745824;831.6337611762344;467.0477339394117;468.2120366042499;827.3054572692992;471.71170624689796;469.8119714438476
66;537.820708038437;535.9114877961206;639.9447674563619;642.7269618288537;827.1695347143547;470.1788052726168;464.93047947485303;831.9217354708039;468.5498459884829;467.0130400346821
67;772.2591170744888;227.3142350940547;643.1815032357911;639.7865176425753;831.4508122631098;466.94540023826943;467.8874416740187;826.703490040934;465.4298075538327;469.9254791431406
68;324.073541677978;342.89010394897844;639.613106880796;642.8983359110559;826.3835692517465;469.7850923622698;464.7142452350687;831.842212658109;468.4870135662032;466.86481410870084
69;680.0562177917545;788.9691295423963;642.8559853247573;639.3821067135672;831.8039322936171;466.54320190953;468.00184738225624;826.2801471783705;471.1941664352397;469.7059869593946
70;555.0588085838009;214.49131361772032;639.3807021261309;642.9300872313113;826.5640686499481;469.79353211157775;465.0552047903807;832.2787959070142;468.19643402429597;472.9481545348661
71;310.2952395858687;363.30275494101556;643.1391079888605;639.2713442720838;831.8887684768912;466.5386894902386;468.4913170441755;827.111066199236;471.0983125365592;470.014228129875
72;667.80927828145;145.81477559502932;639.4249779070531;643.4012712429793;827.007617389141;469.4075492875829;471.61345821223284;832.2330134326787;468.18619022880824;472.938781360733
73;277.2811663658758;326.16483263247625;643.1285827508492;639.4683386225233;832.720749900836;466.21597464185345;474.5531629490161;826.5226572158535;470.99167534170516;469.91368907019813
74;770.3883116364309;727.6750178496948;639.7845146573779;643.0156575904425;826.5272916636321;470.1443243265865;470.7066072415366;832.2842592901471;467.8731220673278;472.7872566763986
75;589.3839050984342;218.55093203660556;643.0305493520524;646.1856982939527;832.2410584482012;493.68449591196264;497.87709577009434;829.5124417458816;492.34579454323335;499.2267515960006
76;379.3511196924311;320.74656516885335;645.9669060018018;643.1778601333525;828.966056522799;490.8334775778628;500.63188884848864;832.4073663913588;499.7245066947926;526.4217519881139
77;789.4053020244858;761.5060478177539;642.9443382027231;616.4177362851125;832.3664868243873;499.04413263538686;497.45788537292816;809.5949427273441;502.63510336115854;503.23056606036596
78;731.6834549887602;736.0445809751847;615.9889265104724;643.3305723468561;810.9322094726185;502.400559488579;500.2098394763214;787.9150740207515;505.4640763101686;499.93945739300557
79;500.2098394763214;677.943219182896;640.6947859206509;615.9041356033803;785.7047095898018;499.13992122777273;502.9301615547158;810.8884266936514;502.69965858209986;503.1919606003801
80;584.3602967954183;507.53551396354095;614.0285680250657;642.456891832381;810.420152609643;502.8302734559514;499.6716132725924;785.9719088911511;505.756710133786;499.9813960721037
81;713.329435646965;695.1592143915154;636.8727858749237;637.3931924270075;783.9397283250929;505.61011275266344;505.2650314577621;811.634774302114;508.9342141392448;507.3191268234442
82;625.0239621916709;570.7105938705723;639.7168227047231;634.3679148028186;808.9579990030292;508.51937276740716;508.37361952822323;788.3872686829831;506.0468495052608;510.0839478456326
83;508.37361952822323;617.9375462768646;634.3664202589865;640.0961064469349;787.0058149010531;505.52763990589733;533.6709395676978;785.2203278953496;508.83273723470177;507.039788478702
84;271.05102376225204;767.5000338346108;640.3144629483186;642.9696240085549;784.2729625957393;508.95522341053146;506.5883432841391;788.4655938190699;532.9024281233166;509.7856033552999
85;130.37228191758066;396.4133299193601;643.5438746226929;640.0020980653537;788.8697835410343;512.0920101417483;481.4232707799521;791.7057949054171;513.939992680063;512.8798894364085
86;249.44949091575947;319.48648987779467;640.0771140082032;643.7970587698696;791.7780851865841;515.2708890603182;504.28038836301357;788.7113735696968;510.8794500521656;510.1195845456185
87;424.6382079094411;391.14851875629;644.0502915641475;640.0672851840811;788.6091138710824;510.5443839171544;509.72994671327314;791.5187816375072;514.925765106547;515.6124854581723
88;181.0630183650665;735.6262491818386;640.22350140319;643.9551759677;791.7699061451275;515.1189443766381;515.0030842593508;794.6410059998689;517.8403276505561;512.7815307410332
89;316.4499457859602;317.82946029088566;644.2224223203078;640.2349363657102;794.5198514097373;518.2491219092618;517.7729614205531;791.6035313397001;543.6472943681509;517.4431590755461
90;168.41013102851224;390.7031179200456;640.2886672082956;644.2302820997867;791.4067391808437;515.1952707265328;514.8161924270466;794.8318196837814;519.8227182753551;520.2546250945662
91;267.95622205654803;302.23860129091605;644.122561643252;640.4786927498664;794.9197335233966;512.4812312302264;517.5489225256142;791.6897431308405;522.7077145677231;516.9619079997564
92;439.95814860451287;137.80417509702903;640.3303765285734;637.3909110864698;791.7840323916238;517.909376963536;522.7016975528992;794.4831692912994;497.61169857635656;522.2186851911378
93;285.5164580447372;312.0432187039921;637.4976356106711;640.2174744950445;794.5489715151779;522.543881266351;519.8190504320062;791.1923906689992;518.9202706085302;524.9619748187656
94;137.7982031078028;399.7825359796685;640.558023208808;637.2689825344212;790.983333888664;525.4547664162448;516.641718533886;794.6184550880436;521.6725803377558;521.7195047772196
95;278.53901613200816;250.97898774044882;637.4475925195218;640.3823704790585;794.5816240617302;521.7428247816546;521.9992995425728;790.6842283648808;524.7542516120225;518.6310963104537
96;392.9422134561766;367.8446982769983;640.1661578208094;637.2163172435053;790.9798650599757;524.9392139078086;519.2190366849685;794.5908453034427;521.9953422582303;524.1757825995669
97;781.7699877435181;680.9349480300732;637.3896645632138;640.4195736375658;794.7965403755961;522.2151679324136;522.071241940973;791.2998557571034;524.7622170673149;527.2400155332465
98;588.0138161124177;553.413755000028;640.4731945986697;637.4212687696082;791.4068475798422;519.4075129936567;525.1765273643227;794.6715922792928;527.9279747541709;524.401099934393
99;652.7450988945913;714.5520526498706;637.5291909916451;640.5388219846716;794.3699232192229;524.4625153840487;522.3775590207713;791.730508658577;525.2052565188203;527.2736584980938
100;529.358551166818;611.3220787392348;640.2874148340107;637.5289642937269;791.6230340543221;527.5631536007838;525.3547678082117;794.4340211676945;522.1852827367991;524.1131046081501
101;731.2537961745807;670.0819360709397;637.1455665411179;640.526311794117;794.547282202126;530.7211408605272;522.5412733957178;791.350819871494;524.988031769801;526.8499056373519
102;624.332193034036;603.8253392598313;640.4494882997028;637.2637236568808;791.3731582258106;527.2341699613834;525.5981186621184;794.8170681090305;527.744458701661;523.6816795230264
103;651.5781082644584;656.6141150371147;637.2781002725193;640.6360774174574;794.5684447127448;530.2465801964038;528.7647608558078;791.1961290808084;524.5830417878612;526.8478505376384
104;791.2005872797072;284.32284681883374;640.7378607794923;637.3839974046003;791.4332370324076;527.5284363102438;531.632471978559;766.6703380562857;527.7477288811025;530.0550140116206
105;416.9543041053249;387.515154067315;637.5812397438401;640.9065130003434;788.6351247003654;530.2809254274144;556.0649290470265;790.1315790584887;552.152616922376;554.4878990471975
106;717.024776563828;662.5191487723196;640.7852862254342;637.8366267003978;791.7796080179307;553.9507449986777;553.2665303083214;787.0480921554831;555.0231307811797;557.5371595065724
107;640.8370163832631;555.1667353417486;637.5860701690652;634.6002749037905;787.3662552419572;556.9756233946392;556.049031761018;791.5263562290803;558.2142977395378;554.5546838167578
108;779.8496510900736;673.5066523864165;634.8277697900417;637.7669322514039;791.1869352593191;560.0876593351863;559.1398081575945;788.4801077065035;561.3188380508288;559.1939765316681
109;716.5424528296811;776.8248239070377;637.8750578210175;634.8162853052688;788.327317915777;586.9516495331377;582.9795936178081;791.6903881136976;586.5647856669366;584.9583111660847
110;705.0631552921079;714.2281483361131;634.8878560992988;638.124692563597;791.4870535009694;583.696790498424;585.7537656209915;788.0309687871987;610.5715177449523;612.2178302293321
111;804.2104692363788;788.1819360684489;638.4202550401748;634.6899154516607;788.1436507585538;608.8429009330351;612.876247650991;791.0564751842743;632.328407576434;615.2403729929882
112;655.0342297386003;334.6356167882908;635.0554060925652;631.8220812180001;790.9233590249914;612.6070434415562;615.7319445520469;788.0115763323457;635.5862160366088;612.1365674679643
113;154.40726411432388;172.2708330527231;638.2388443129024;634.8068817515112;788.0955886645366;633.5576108213996;633.3254373394012;791.0299845936183;632.5309795349835;633.7726805543505
114;389.2962879849829;384.0882961876155;634.8294541324053;632.0376325493319;790.8110908365719;636.7023679491078;636.5523034207788;787.9180268679493;635.4356700221108;630.5113724583504
115;173.96920074278552;210.92215425689065;637.9122918411016;628.869368036688;787.673487620092;633.7935786346608;639.764190436036;790.8407767931318;632.5675459072801;627.4753219975509
116;398.9323242693415;395.74112337102343;641.0803315389002;625.7125152362562;790.9326039366135;637.8835243897826;643.0608614803301;793.986533432389;635.3128301278057;624.495106796134
117;535.2626091032203;499.7242739151466;644.1740589014081;622.9441221292319;794.2021042827197;641.0579167302046;646.2853213267799;797.1308582578021;638.139346635226;621.5388191743885
118;727.6729972751309;749.3032909294822;647.4199377164362;619.6860827965894;797.1878651633715;637.8034775597181;648.9965828722981;799.8653584734359;635.3367430029672;618.3360450849204
119;743.4888112635246;733.4194315124827;650.3664255480777;636.5712727027902;800.233950964664;648.8844552526161;651.9147833739293;802.650019855459;638.4137710033783;637.1893958060311
120;335.1391078712599;758.2781142336033;647.3924925972707;648.2866536630452;803.25702370661;651.6985746144337;649.0443909303588;799.7447203927519;646.5439445285086;647.6358418176934
121;173.70029637221;537.3933976921408;650.4327044095694;645.0248235947678;800.061111974909;648.8331234788857;645.9689391801451;803.208168740109;649.8410599598501;644.8092507047576
122;332.4103678570758;367.9807508872921;647.1689975611362;642.0735709651809;803.1647323041647;651.5658744768529;643.0681471549747;799.90313666787;652.9980461325338;647.7098724948386
123;480.26979701505593;152.6691635964805;650.2261341845143;644.8250937743061;799.9742379255597;654.2958904913487;639.9619607722094;803.0504076499647;650.1487801001322;644.4371386108222
124;292.3668354460026;345.302308042301;647.1920796054038;641.5648701506013;802.9652190912524;650.5357021508567;643.0585685941579;800.1624254217078;653.2550807874819;647.3893491405138
125;516.6544684612361;478.8364274488932;650.2948777171212;644.4079640560386;799.8570954145661;653.4184833685254;640.2983931329672;803.0302303754881;650.2838723187323;644.1079752260042
126;755.842325452858;703.538955689811;647.3125820866094;641.2494901360539;802.8073378149359;650.3948279046197;643.4854795943646;799.5722438302131;653.3815746879329;647.2396547449106
127;715.7355314377888;697.9525283544587;644.1601943376257;644.0003662587142;799.4929306044585;653.5434209501086;646.6131982999354;802.7433026592994;644.4681797372622;644.4061149568497
128;740.8156444102816;822.1659192953962;641.2820506553583;646.7941560330763;802.7087000963046;646.1261664350068;649.3548418606986;799.5361962391286;647.1903600181956;647.5980317764639
129;300.95382627282595;703.0922985678941;646.8871666511507;649.795048172569;799.8490670861416;649.0987366511263;646.3936710198126;802.9893079090576;643.9762669817709;644.7257558529504
130;453.3643800160578;492.1951159614764;643.7292860272925;647.0047924089646;803.1066354759142;651.9056631423222;649.1661510790842;799.8156123063205;646.6880688823143;641.7861961016115
131;240.60752794987852;222.06582409871888;640.9460247600035;643.7523948882508;799.585494200475;648.829172041628;646.2432754012432;803.4065001970208;649.4184592991229;644.8505412621332
132;411.49544601201563;462.19582004414406;643.7231281212363;646.4938742760769;803.3935737557729;651.6245682287978;643.2983742742096;799.3943702754727;646.4567654603794;641.6677847898479
133;213.0838420301134;570.2171651854167;640.7771799344395;643.366626280086;799.0593356024253;646.3441662522363;646.3316723156223;803.1989683669058;649.5481715765951;644.7095532149036
134;378.2401763288733;415.2675657468807;643.7457606228935;646.5428905029265;803.1973232281806;643.5363470618789;649.0871663661135;799.313787420943;646.3184366351178;641.8209807831555
135;516.4426481116839;562.0032200042278;640.8077489741147;643.4206602694528;799.5057866271884;646.6519300031596;645.9803798066208;803.1397160979094;649.1415900112032;645.0979598346529
136;676.5173952381575;729.7665569860499;644.0867445118;646.2587985428444;802.7861488549133;643.6189845545056;649.1687009633758;799.1604865255391;646.2809568245594;648.1633879469076
137;714.6272178725533;815.6391078434262;641.118530931628;649.2708280400946;799.1244810021784;646.5296456238971;645.9608541013309;802.914564926404;643.4497459151464;651.0826222834705
138;816.8617925940684;703.1869937879725;644.0650883410455;652.3409713891473;803.069381893245;643.7416965038042;649.0701382824956;799.1267213965964;640.2120283388239;647.8953081639881
139;676.4146185969636;348.84898774526073;641.3585859664807;649.3814341909217;799.0896063218845;646.5195616163762;646.1956909196999;803.4562979221736;643.4353716641376;650.7578138800219
140;504.6950597380086;484.1544920610345;644.4209509567278;652.427726228759;803.3329782685214;643.4834059582802;649.0045072076439;798.7223431254811;640.263818246564;647.9031010219269
141;731.965674113778;246.77311594741886;641.5536577056821;648.8530197599226;798.4800201430563;646.4625608181113;646.0814484737525;803.3295148211739;643.5746469343912;650.7105695510375
142;480.0812351517708;407.6459863997739;644.2818010556508;651.5941181766266;803.3733756938382;643.4574134255957;649.3345063940466;798.8263721260829;640.8290846712086;647.7394365194499
143;575.6014757556017;220.95863182933616;641.0938498027741;648.3815143334118;798.6933186735096;646.7011538273024;646.1110011352732;803.013811590744;644.0544437232718;650.9492442930473
144;419.87204981922906;360.07788893043005;644.2893615976292;645.3029256483304;802.9849889144316;643.8920001895001;649.0646739636514;798.6389348156532;647.0272314743086;647.6850812028115
145;513.1578403365481;175.70467705103454;641.5267284280078;642.4719566840844;799.06258583646;647.1579547132286;646.1358893898808;802.8026223914362;650.2389076357309;644.9663352972066
146;319.66983102176494;341.3514738592695;644.4486673312855;639.4197586759688;802.8050811394359;644.0283228953795;649.0523498548332;799.3112082191834;647.2339838263089;647.6962853457333
147;173.30894592187764;473.7027050064444;641.607022769978;644.462319181057;799.0464080963693;646.8478419557982;645.8573380622449;802.5789650436609;650.253726977596;644.836586141119
148;326.14771766330637;342.6529989900746;644.8355634072387;647.2192791648108;802.3577749754253;644.0898962409555;649.1362591191061;798.8932036304725;646.9523671528522;641.7065762778979
149;512.5227741485515;506.58693824325786;642.0790952523918;643.9389307283382;799.1869868255346;647.3570078542801;646.1596146262049;802.2375926580944;649.8421384013028;644.7715449147876
150;272.419991614546;655.7792356266457;645.0739733040382;646.7643253776664;802.300962362864;644.6029607237756;649.1565441281265;799.4594304367281;647.0571793666568;641.5522694029952
151;428.5567652609682;478.9085885283529;641.8933533831081;649.701735812139;799.4484025789502;647.3970995122486;645.9243994124334;802.6948298748449;643.7855423410933;644.5077505196589
152;611.2620938316327;609.4111433788406;644.8692642128516;646.793234178161;802.6769913859723;644.672032217205;642.6337249996097;799.2432749483869;646.541335460495;641.7734613292803
153;279.1098572741142;730.572688787898;641.9827751872302;643.648308674058;799.4789936389304;647.7176543817188;639.4084908962159;802.3490667761905;649.5646564112056;644.5071833763116
154;458.71999363932025;445.9653444081129;645.259037867099;646.8415730779255;802.4140582385681;650.7953784301698;642.5185095191905;799.600460082049;646.3857340555595;641.5867385650826
155;217.4935181483517;217.24499688667265;648.1673557380967;643.9272596655723;799.5463600001153;646.8480264295765;639.7616107670539;802.7107875583159;649.4459465036513;644.6597992142302
156;445.79926207083173;455.7190393336624;651.0343108950249;646.8253317692918;802.3981613956429;650.0964777602003;644.2458446843551;799.4110713918085;646.2151285996098;641.5326122502611
157;516.761411416726;554.7099162555238;648.2628322658632;644.0263596842917;799.5239466621614;652.9209524859015;646.9591442800895;802.2894059051038;649.2180666665276;644.8211615307501
158;554.7099162555238;550.8422029660172;647.6863185491106;649.2762369289483;649.9389101475417;651.4102568635038;651.9680461553747;720.1969465098778;802.320831380276;805.3268709584822
159;267.39533947398985;602.0523991227684;654.408459128428;649.9581505310787;805.5239038308207;652.2198774313568;646.8741651480259;802.1163852128187;648.8466774144043;650.848246370013
160;358.98902795373056;463.0978369839674;646.8741651480259;651.1171680618704;801.9296901563714;655.1174877135838;651.3311769187135;651.8440589698106;653.5507241298155;799.3718697861517
161;181.8614027689299;553.4414504383243;654.1670846429986;656.1650650393228;798.8997284069529;651.8885704522762;648.3302954253353;802.2633064628353;648.8215964082196;656.3441688407555
162;351.0903446942451;375.2576484889902;657.1104883511931;659.3789782218429;802.1920192921538;654.6672712463247;651.5698689681753;798.7766421659414;645.9730414532627;653.6254420780468
163;472.9663748639861;469.9068235596231;660.3268376822767;656.5363109247369;798.7380024491664;651.7581939401856;654.8071280355637;802.3724841216435;651.7183700047256;656.6036075548118
164;530.3832806450129;547.0621761125742;656.6648437818346;659.3284827635396;802.689527137375;648.8427261347099;657.8357202612218;798.8391853053307;654.7324891599521;653.35467548391
165;254.36798714357067;269.0124079776082;659.5763965216929;656.1532509974606;798.7985542315037;653.171103408722;654.9572930381835;802.4176798887236;651.9814267416384;656.3162415890757
166;468.7878486732169;459.9831270085944;656.1125079175662;659.2179308571298;802.4484450528773;650.3856177080348;657.689493238866;798.6066812585483;655.2010026004522;653.4774231329134
167;228.4282758689847;211.4420539719796;653.1255022822086;656.1776707853252;798.7007327320133;653.2325892715954;660.862211276951;802.7367766473849;658.4863290458937;656.3057403725813
168;426.90532980025444;425.45365010312804;655.9080849187776;659.0003551571677;803.0980183047536;650.3517573618357;657.6599300331494;798.7839489893562;655.6265148974384;653.0966724384508
169;521.3037372093336;584.0731180295253;652.8861354548937;655.9599541223471;798.5530613313728;653.5767507935786;660.7038024757011;803.3281629531909;658.8873181262222;656.0248379849263
170;724.6729331735244;663.3074046764883;655.6766113987994;658.6765592727072;803.7384467359992;650.4381991149086;657.542605586424;798.4594621057283;661.7122457440169;652.8431234819294
171;741.0065454196712;829.8005144958566;658.3777259374269;655.489295451582;798.4841767580097;653.5674464738636;660.777271706704;803.9007712036753;664.8699518475635;649.750304934366
172;743.9868778966677;741.4596192024696;661.2912545260035;652.2238741973163;804.0850211226456;656.3006363018088;657.6783011948743;798.4367228703221;661.0206052522755;653.8977825783455
173;657.6995789421088;766.5546284043794;658.5512619760899;654.9766647148848;798.8628098650167;659.2485203935352;654.630610153486;803.5444493586507;663.9302917475696;651.1500435277383
174;759.8420341712357;721.2282000910919;661.53422966942;651.910033309538;804.0067903125482;656.0163193713439;657.6720656615473;799.1531416891372;659.5145425495399;654.3800857744574
175;357.19509340333855;740.2074943105029;658.766417943532;655.1081891230642;799.2651965199723;652.8747363502868;654.4536165812908;803.843770472838;656.5816427446708;657.5528413771697
176;459.72290059271154;164.94485846382085;655.9825329682711;652.2599948180883;804.0612188613952;655.8928808427146;657.7532600241576;799.3114643377202;659.3465619096636;654.2534853029254
177;330.8176705624533;302.7804410061644;653.2541619605282;655.0565944365517;799.3919083085273;659.0808245562649;660.5591739675987;804.4762608718165;656.2664051601968;657.3688802977338
178;519.4767464871045;532.441367705816;656.2135958662541;658.2104496659598;804.7223313662284;661.9123945342067;657.4989053487851;799.7697537730447;659.2410684488483;654.2655244079031
179;715.2937192918324;685.7028443144698;659.3224850518563;655.2938505481669;799.6711594983542;659.0230875694117;660.2346227951825;804.9496295694591;656.123252007024;657.3763676649891
180;692.5396631326847;321.55608014831995;656.0431149698765;658.0971156512356;804.6482031593304;661.8615880994843;657.0067574452981;799.7804528913917;653.1902277255255;654.4635134076673
181;450.4215236856443;515.3684142040236;659.1001405302083;655.2153292193195;800.2475633648527;658.174442688539;654.0256407376687;805.0775602803269;656.2633050563028;651.6510721056883
182;226.08056430150958;782.3744843434126;655.9920494125748;658.2336274798586;805.0355133407442;661.1508616734149;657.3040748088936;799.9377629222641;653.3994437263796;654.7737392628221
183;467.1854030479852;454.4660916094987;653.1958212591849;655.1596093985281;800.1833521059548;658.080316314457;660.0209731482728;805.2715851984776;656.5487661858698;657.5603607346059
184;514.8259583327316;526.5053528349479;656.2531535399883;658.2165845981237;804.970615020313;655.1976523572722;656.9861005953915;800.4485543164255;659.5097729970855;660.8477451981285
185;778.3354304541291;251.52788898780915;659.3527193777481;655.1205820100258;800.5378768086077;658.0794919960919;654.2547248255412;804.9509740481319;656.4525979710526;657.6715539031841
186;494.82720564694324;439.94790255946737;656.594045177279;652.3741853890806;804.5778908345329;654.8203502488192;657.2790534116393;800.9762557588635;659.2820212116047;660.8762210015691
187;589.2100114417465;592.5518996842021;659.7262458262869;655.3340778548152;801.0743105156403;657.56172551017;654.3474171482939;804.8762130751421;662.4409420080876;657.6903503962949
188;280.3776678040742;295.2422134308396;656.6852270502596;652.4779829632067;805.1660477118834;660.438986063719;657.5750473930527;801.1793327915254;659.7211369522289;654.9613496518599
189;484.8878260245239;511.16680216964113;659.6078834449565;655.2962297256154;800.8427500465341;657.461741590124;654.647853865607;805.1807271144465;662.4950902940491;658.0553380470574
190;537.9391947817716;262.84194214740904;656.6596938567503;652.4930204846083;805.4068837718669;660.4387345300514;657.8288038533265;801.257948678492;659.615808812888;655.0605257180347
191;435.51265785317986;384.7729195276748;659.732733807592;655.396790952232;801.6301451144059;657.174002352594;654.8016014020687;805.6657638994739;662.7587073856816;657.9047712350856
192;540.6940342743399;528.6893094758198;656.5509206422109;652.2658999958871;805.6250801507023;659.9379754245922;657.7414604687877;801.9101062008351;659.8428018794394;655.0269156982795
193;763.0949928532086;261.05693302252774;659.4192920818417;655.3601370280987;801.9409181262012;656.8422051409186;654.605068376945;805.5951083774488;662.7408764994647;657.8483652526328
194;445.79946709681565;436.6488077450263;656.3146549421429;652.4087922266953;805.3122925265887;659.700739959082;657.3709964846992;802.030347300369;659.3922946863407;654.5745935425704
195;585.5820643371868;572.2265625043018;659.2098345164255;655.2777925250945;802.0818566253673;656.5422037804958;654.1861234118203;805.2017788243445;662.2302382422209;657.5397217744626
196;314.4014727343212;706.8696888599831;656.020392775493;652.1828795952821;805.2194562009106;659.6428008717843;657.3321539346457;802.0793561439764;659.0373620173809;654.4169896344239
197;436.8329887430526;454.5471426006881;658.849911073699;655.3563815196534;802.1981456878992;656.8366994596001;654.4551780330585;805.4874016593554;661.790572893111;657.5419169588637
198;537.6712415727251;585.643718877402;656.1012102458229;652.2997740161516;805.5537948580269;659.7010019553358;657.1596826664166;802.4940253332039;658.9040376586474;654.4828486763889
199;691.8282696322337;801.5880116747701;659.3057714602616;655.1579547637677;802.5482056910755;656.95796498691;654.2654065174911;805.742980367707;662.1062670323665;657.3945482657964
200;742.2988483923467;350.8296616716875;656.5756229082198;652.3764564540157;799.571655809587;660.1442807271771;657.383737585814;802.3421002122002;658.8968788158834;654.6797523338084
201;483.6756591194311;177.84567875521225;659.2935526038262;655.2846466925455;802.8223738852513;657.1353993980599;654.1457746001423;799.0644743475312;661.980242151013;657.7279431824628
202;347.8151256617054;317.532000271206;656.1801443971958;652.2042851005283;798.9617250473657;660.0970873199802;657.441256083906;802.5075786776318;658.6935302398306;654.6720034325897
203;159.09980920453228;487.63688310585513;659.3690557419164;655.234615378988;802.3110240432779;656.8097097840723;660.3869632955298;799.1658450039598;655.4915607694804;657.8452329046585
204;322.0508539679058;320.229964491009;662.5618949231064;658.0516117624538;799.4478573380419;660.0209027957733;657.3603683567569;802.0400642781239;652.5208989956449;654.76466858607
205;465.3799537254006;459.2252384037541;659.3361702215833;655.138012156564;802.6704992389641;656.9005171329358;660.5285533635471;799.2700078613756;655.3005497987598;651.5613430861737
206;587.4215882304237;588.0330588367342;662.3179287652265;658.2966267194518;799.0388044817641;653.9264744186855;657.6584152145865;802.9651974182276;652.3867102495389;655.3256894420175
207;738.6556428155734;685.8868861411124;658.0111322467282;655.0668516930862;803.1997480993275;656.6818510678739;660.798828957546;798.656709846352;655.3901500221571;652.4201036201827
208;775.9372646779563;774.1010895777329;655.0879389380489;657.9975625837031;798.904265155487;653.7519650489494;658.0176231257843;803.0284656474672;652.55571293114;655.2541991313713
209;706.6225104104342;336.1554478828763;658.0674774143346;660.7879863806189;803.2180605279518;650.6465509248256;655.2845670636104;798.5539241513362;655.6182796709563;652.3683478525369
210;163.57715186017995;461.12459028282603;655.2251576655481;657.9201671499109;798.11112857608;653.6505506063204;658.0286846383435;802.8613003725775;652.6442359538139;649.0747210817825
211;325.234804017674;335.59221445008757;652.168369871026;660.7469225601229;803.1952744281897;650.8000205183916;654.8098362700714;798.5408808324376;655.714706169451;652.81790766563
212;527.6552048607563;487.2283099868878;655.1941158522933;655.5443465816875;798.8893134322418;653.9595963605403;657.6288034653855;803.0071821456453;652.5939328568597;649.6295117352038
213;795.3502242052332;766.7081226086344;658.3818366391602;652.4356277635043;802.7085804588288;656.8189974195253;654.7894932189104;799.0659432912792;655.8136379342659;652.3435716664786
214;692.3208374005145;695.3122598596087;655.1190425902322;649.4582333447129;799.3847696890734;653.8879843334685;657.9517742376452;802.7734587385575;658.5340055960331;655.4738708980595
215;688.4900469016843;790.5975970678559;658.4157854980111;653.8433201618992;803.0732031718218;656.9482149249944;661.0586649757832;799.4418270878364;655.4666007059894;652.672045308111
216;694.8250874927297;798.5998763384193;655.381847774694;651.0018568533845;799.7273051942204;660.1503321174129;658.1267235890228;803.1110913348112;658.2145326998655;655.7380917816851
217;743.3877078212812;784.1024420827295;658.6623509556933;655.4600855697281;796.5847795121238;657.310587339637;661.0544315433708;799.9090362854637;655.0155779092999;652.8455208225103
218;662.0567278508092;663.1761744304667;655.4807985331448;652.6711210966988;799.6901317754567;660.3937050703631;657.917900135157;796.6423650481918;657.9785370030401;655.562033708991
219;792.4993848386056;311.3427311638027;658.4106571443014;655.8206491078562;796.8802766853919;663.3929116696501;660.6979383543966;799.9929965757954;654.7110060087115;652.8479545797904
220;510.69696907098756;498.22550732531533;661.3587904157158;652.7052221109315;799.8030303398709;660.502504807723;657.6586808535026;796.8890507761589;657.4313043324067;655.6570020508028
221;589.1157550211176;227.13691728226402;658.5156553593808;655.7378060323197;796.8678454462823;663.7488605085653;654.7249699441866;799.9450370159279;660.5884675932604;658.457108240827
222;413.45787260114645;406.9394385168001;655.2985175875571;652.7754884819473;799.8701746534961;660.8171676781647;658.0015756129629;797.0512634404723;657.7287419301982;661.6387524812194
223;481.0226952114166;195.42943976027505;658.4393582606908;655.9503839923389;796.8396047215833;663.9693473668348;654.7560102589733;799.755306092351;660.4957185179716;658.5443038008041
224;322.5470311872424;351.89231418926465;661.3809674121928;653.1520087915692;799.804116310238;660.5432252092592;657.9578982828532;797.0361981385252;657.7489475009952;655.5564214019214
225;491.6551659645234;529.3864377021713;658.4389790960007;656.0968429070136;796.9848177866716;663.7946483824368;654.7417723236944;799.7720831053467;661.0132158331529;658.3579045970903
226;755.0020615851724;685.2057426543383;655.5432422683045;653.3687603368398;799.9337679149512;660.7269206270815;657.6556079947248;796.5817888807451;658.1257565878667;661.3394464575438
227;702.752383520453;323.96543997371424;658.6554252943658;656.4289541925326;796.3453546086889;663.842661495138;660.5982599361142;799.961135859675;654.9216795645739;658.3023620990352
228;484.2384902373932;483.45716629029914;655.8209152986575;653.2602747349389;800.1164766442381;660.7726246383235;657.4178657707213;796.4929171589032;658.2113004551829;661.1121624514285
229;513.52879045424;262.07011161180264;658.7645462100608;656.2721534769271;796.2671019739615;663.7510256802892;660.1715834308914;799.8496105806104;655.3484013130202;657.9283349345858
230;379.83450604798537;136.82041221815751;655.8679253550673;653.0850284473653;799.8334374468155;660.0712409011151;656.9537054614378;796.0186303564337;658.241830302224;661.122253133484
231;481.8561731487191;519.0652873648941;659.0451510351612;656.0095202237227;796.1918405883623;663.1106863435324;653.8932253602209;800.0530157180858;654.9576201839251;658.11787083281
232;579.8897305665774;247.81825027993426;656.209377494399;653.2711049489956;799.9925069031965;659.3484048751486;656.9288653141444;796.0147870426033;658.1014384987112;661.3441881170575
233;438.0156921272385;399.5786104866988;658.9362465436168;656.5413369895836;795.9678776025822;656.2181928200226;653.8190757845579;799.9691413944839;655.2179928001641;658.4271846411382
234;519.1131052629689;521.5862010301109;655.9206914977798;653.3446755704925;800.1468858024647;659.2745354009974;656.6254880956898;796.0892725955017;657.9454358501888;661.3901448199819
235;255.39633556326163;705.535649693536;658.9368727997206;656.5471817753013;796.0291190378765;656.1084085512562;653.7511883061137;800.0559881291047;654.9353356927259;658.6031198492908
236;452.8851600825784;440.4487587183532;656.0838483263298;653.4268457642631;800.1716497695626;658.8848704800482;657.0236634415958;796.1745818067893;657.9821650671527;661.6430557904299
237;549.301403764165;532.2767495504177;658.8716065162869;656.6525063852129;795.8823987312203;655.718199582473;654.158929292122;799.885183372596;660.7967623162311;658.9047919037102
238;787.0411988429447;680.021675208033;661.6177832293823;653.5094138202057;800.2310948318449;658.4476370548184;657.1067381394395;795.9925428006;658.0423832143014;656.111633338397
239;315.266497532405;709.6453332397222;658.4527826656896;656.5766540688803;795.6482844823668;655.4762080381047;659.9062015087402;800.177088908843;660.959973803096;659.1498735008132
240;533.5422093367769;471.3840477962469;661.5232196229907;653.7450886450978;799.9129571455036;658.3469757341462;656.879814735855;795.8283249799375;657.9410931473516;656.439788872858
241;710.3447062518619;255.51126600989335;658.2013102531677;656.9142694070543;795.8503922905126;655.2158496320097;653.6632628417757;799.7099801124567;660.6704424364997;659.7009073773913
242;474.2778478895694;448.2356194492802;655.2219680631583;660.0158249788432;799.9885387178664;652.4297584492597;656.5200269655724;795.698911380602;657.9232588288577;662.4932634407772
243;539.5458671733479;539.8265804027232;658.1699543569838;657.2514851139997;795.9212069142952;655.6323161165336;653.6565983070292;800.0997017386311;655.1063733845267;659.6109846444406
244;729.5391691610214;781.6245037238325;655.075388403481;659.9854942583029;799.8347248816993;652.4240372225037;656.8497178839461;795.5973042280127;657.8400664135239;656.6527100012174
245;669.7567543357396;638.465238564095;658.1691931269202;656.7307198210299;795.2051956045159;655.2503577938454;654.0003793395404;799.8183023908714;654.9735869609123;659.8611310863683
246;783.8018570867189;700.0651920045657;655.0487505523549;659.6129143961065;800.050417594382;652.3123278321956;656.7832851672616;795.2273176405193;658.0339268640454;657.0971169652511
247;734.7499723749146;783.7447020932809;657.9501768774916;656.6547450935507;794.8824284851149;655.0285780988496;659.6790161210126;799.6246823809971;655.2946672668508;654.2000054694748
248;736.70094611089;717.0666038696728;654.9820296552778;659.66622982297;799.4284745128363;658.1004551652965;656.8777510309501;794.8643753213657;652.4749833356365;657.4724819759776
249;776.7212307653568;733.4771922175222;657.8460103121844;656.6274055989924;795.2494058547791;655.2609842003551;659.6474925929633;798.9808629661085;655.3424754025274;654.6028066111131
250;672.917979761623;353.1506326604743;654.9213222930771;659.690555890565;799.0047837825846;658.2524919871368;656.4551263333567;794.8991182402189;652.358670559873;657.8515051869274
251;161.40186457033866;538.4118683520184;657.9641173769689;656.5009506242113;794.9992749696245;655.2365272655377;659.391049971472;798.7131046291631;655.1479082226673;660.8228489732153
252;364.2589311497352;332.6680821379368;660.7159835666021;653.7173800451297;798.9130880361935;652.5182191611478;656.6632305302874;795.2715235900448;658.3395467873054;657.812134017844
253;510.0464213930001;151.46606748456037;657.6933356524884;650.7361133130046;795.3812439605637;655.434784993566;659.4746156462186;798.7972472326152;655.5705153032119;660.69469373291
254;341.5301426158396;300.38357582287404;660.4436966960014;655.6074896979081;798.5824393278002;658.4218192422879;662.2169402169518;795.601904931008;652.3931008654964;657.6799097457088
255;477.8468406541399;486.39222320064124;663.6746706791936;658.3530396085588;795.3700961138671;655.6335323831657;659.2574525687718;798.4343242691436;655.3955990752977;660.8152599276958
256;570.5981778581414;260.6738284138621;660.900575236542;661.6092131723864;798.1996616069767;652.6910130250197;656.0007425176524;795.0911909525743;658.3084488403142;657.8113773095724
257;412.1181736156111;379.86785987893273;663.6817544764561;658.8007481298804;795.0808640527225;655.7645187058062;658.7080064563271;798.208571258188;655.2576846566326;660.650047812307
258;529.8192017203553;171.2835474502338;660.5186350574759;655.9172224825974;798.3947221453499;653.0511977499852;661.8565242625087;794.9594315123152;658.1434426772576;657.751671132478
259;379.4557372258505;364.5501624433799;663.4688555329429;658.9573849831143;795.025582048001;656.1897544382464;659.0348146650617;798.2271727244903;655.435734768315;660.6182981258997
260;533.4242747802548;527.3690784784856;660.420254524979;661.6662003496245;798.1087593133266;652.9235388582149;656.0545236932605;795.1516943773581;658.5234614466366;657.4605255893701
261;240.16234175094738;677.3336630512792;663.1708608395453;658.6284006485264;795.254888821343;655.7734886678502;659.2846294766365;797.9820897873516;655.6847318938244;660.4740099026479
262;457.4420479437142;439.20041630628543;660.4110791131038;661.6585781198406;798.4216431051685;652.4780417478961;656.038908951121;795.0774310495675;658.7182532332193;657.3815532067553
263;532.0773043423669;585.5792677371452;663.6180551222587;658.8507683051645;794.8090892481702;655.8320383605557;658.7584377271455;798.2396785656691;655.4205819537126;660.1509169877364
264;680.46157886429;246.44663746011264;660.4280366600523;656.0321306640486;798.5394406109314;652.5814048187252;661.7022446709934;794.5213165617788;658.3054540342091;657.1965876323653
265;485.8309950471404;465.8463010893764;663.3254486207317;658.7961092337736;794.3546221995449;656.0452032981448;658.8015418268618;798.3707281878679;655.1412945244591;660.1171264222208
266;557.8505358751428;541.7916279991053;660.1103921616166;661.5607298346023;798.5788609879478;653.2879607460934;655.8603484457711;794.7048542002315;658.042592853658;656.9318881348023
267;727.0973282554083;288.2648423331594;662.9800347134694;658.3529944321289;794.9262383510473;656.284319405373;659.1317011725755;798.6832185000854;655.1417727142834;654.0036544172041
268;471.7640728255854;444.47777634661344;658.9797024743547;661.574120326924;798.8336309172797;653.2507839220805;655.9988748256203;795.0637829969381;652.3511440924249;656.7557736898287
269;593.1117350474058;510.7803511233405;655.7874113096194;658.5670549951712;795.2167922381752;650.2145405938957;659.1630865136793;798.550628080273;655.3289109331411;653.7659413011281
270;687.153908936467;791.4653799827705;652.7553486272355;661.7020322475034;798.6641643821735;654.0712344662176;656.201986159201;795.1472770532264;658.61078245329;656.6136906021077
271;329.3121134912421;728.5031754619649;655.7066766424514;658.8782296731198;795.1509550019351;650.9531944650447;659.3168279194682;798.7737683442002;655.7487639256982;653.577288022999
272;529.1424298450515;160.62747915503044;658.7859724272473;655.670677602364;799.0931172478109;655.3746003489177;656.3131851937674;795.0450766839973;652.9556702916352;656.7633068492959
273;378.220666288953;342.59354610825864;655.7340916705232;652.9484507036663;795.1507413638627;658.3569325365004;659.4476073175124;799.0600061299501;649.7361680548769;653.6928642056622
274;498.00978212997614;554.8271452641728;652.7811532067205;655.8248476754497;799.0496846142743;661.0596894889463;656.4845498319825;795.0336006707973;653.180764540037;650.8222348893062
275;260.92290064037957;799.3136214948008;655.7167135066902;659.1006732944703;795.4199112955629;656.7716381141214;653.7618877414614;799.0138190701715;650.2534667964634;653.6199914169799
276;440.5374650890146;434.2853359057196;658.9511208017655;656.0415373059927;799.0230019099097;653.5516789404511;656.518532931737;802.0629733272846;653.7579148150329;656.5861137247786
277;536.0851655244898;586.162831110706;656.0776628616474;658.8127367063399;801.8282203168459;656.3164402396721;659.3245276740746;799.2870099566269;650.7141346726298;653.7287502440925
278;660.4097710524652;283.4614567174401;659.0043349515026;661.6062785663806;799.0771429469254;653.4880279073886;656.5218540461834;802.2791021908059;653.944239572206;656.9788966267735
279;447.14053058133373;498.2660359985636;662.249305176294;658.7133323426341;802.0096543925685;656.7716802347799;659.2580617683968;799.3140746791644;650.9099230191733;654.0755479519198
280;618.9484355931359;574.5575376974244;659.0802446078054;661.6312577737792;798.9408533023486;659.9253160476336;656.0054042148387;802.4520651289762;653.8293494783504;657.2514159549481
281;748.6972211789141;263.09977020814114;662.2428521682302;658.4757847516332;802.3072111670996;657.0696722369242;659.0400713952902;798.7060708123347;656.7295228363256;654.5088549398527
282;490.46012556323853;479.36409422071324;658.7442931394136;661.5507883614885;798.9236408038204;654.2077622745505;656.2495694081165;802.0134557821063;659.9755629658148;657.3322877076656
283;606.1168865414434;567.5574179295027;661.4972362415393;658.7191617008262;801.9673826055003;657.463771383741;659.3668606260709;798.7369437825521;657.1672728472975;654.050223377212
284;768.3796956606584;741.6476590404989;658.7097714706572;661.8135567107631;799.0336622204552;654.4741471187007;656.2946144707106;801.6781858705777;660.0727441592651;656.9276581552273
285;743.1487125619644;657.8692461832892;661.463629444397;659.0023611326743;801.8996957344323;657.5262715974816;659.4800436784208;798.5286143726539;657.3031677949731;653.9374098998711
286;691.9282405496467;743.0756302902645;658.7178396892906;662.1337678019661;798.5398540818288;654.4720176017003;656.6013393901494;802.0800231987735;660.3286333106074;657.4747531723934
287;748.6467547788037;341.6317473978887;655.6796005897693;659.0780795542425;802.2630665259574;657.3720092601081;659.4191424011293;798.6413218905556;657.0652455889932;660.6002582123568
288;176.0412826481085;487.65746529554923;658.785892281541;662.1898433817663;798.7436711415468;660.2228806618554;656.2011459512897;801.8290798197804;659.8228546757962;657.6322105096443
289;333.5263848119796;306.95041836200215;661.81017820364;659.324048576058;802.0547159766826;657.1292341415849;658.9498124695097;798.8905348142632;662.878692023176;660.3685890228057
290;469.95991077326966;496.96767199070416;664.9902353477652;656.5531082031632;798.7730415603387;654.3411361866242;656.1215213556031;795.6524090084625;659.8116313255215;663.5286968200735
291;222.67631435390336;623.0005566235548;662.107652992574;653.6251702562118;795.4814917174226;657.1929773747514;659.3888610254547;798.6628113379236;656.3254469223965;666.5157882351307
292;451.24477345389687;447.06091065827474;658.8915210515412;656.4122020941695;798.6709838787671;654.2255736717616;656.4291025576183;795.4548110184579;659.0720433858181;662.3188368623594
293;554.5620614765194;538.4849476201522;661.6916109977869;659.2685215712053;795.4999064832656;657.2540108709183;653.4048293003457;798.7078375784666;656.0391842703789;659.3833486146788
294;789.6980566384142;793.1690256723782;658.740702312591;662.1670986542563;798.9709398761775;654.0943508738309;656.5941915782848;795.7519015083216;659.2640654339997;656.5750841842769
295;680.7882293443697;766.7022153287468;661.8519211469807;659.0702299133707;795.909169183402;656.9622354681793;653.8153908341274;792.8102419293492;655.9989952350388;659.8304687670898
296;330.30164442960864;343.749060210833;659.1410010605273;662.3189648744365;792.9012759410523;653.9793834724794;656.5382516172253;795.9219332844267;659.0406170362742;656.5539470801674
297;478.09466091058704;454.1008130316839;656.2848684699057;659.3428026902866;796.1259993241598;657.0085956445013;659.7119849586138;793.0737477309667;662.1877856448183;653.5609726563019
298;570.9643357339486;553.2692568903376;659.4890627317741;662.090024940477;792.7698513022236;654.0737386944013;656.4120265473607;795.9156057156895;658.9755259535414;656.4957014081874
299;734.4688459679011;751.691320576023;656.6126197381154;659.1949460417043;796.0556576550422;656.799667241789;659.5839810827896;792.9981113899792;661.7494320082945;653.5940748550246
300;649.5777418860815;722.3079919920384;659.8979481081662;661.9863650332876;792.9431277731414;653.9144724421051;656.6646875773705;795.9240960249398;658.8945745839067;656.7368735130314
301;770.1675469822251;682.0069960616863;656.9894966226493;658.902842326112;796.0569690764561;656.8725710832073;659.604858082017;792.7661841675879;661.9705298487327;653.4683221795692
302;730.6178303688188;661.1950904698429;654.0600599861713;662.1408899744316;793.0910608355556;660.0522281534849;656.3302829936742;796.3357463172796;658.9686929831126;656.5686214105551
303;344.5368310852407;675.8353919499824;657.3441530111269;658.991480105695;796.0911892852711;657.2867264370461;659.4452554248504;793.2687282255409;662.0981375674921;653.5671222233733
304;500.5682778063788;177.39591393779074;654.5448710240826;661.7604279193724;792.8910599736627;660.1535586283119;656.3404717870121;796.1304487435958;659.0289130647335;656.9613673480985
305;363.3766287837775;324.56931943975593;657.3446100041308;658.8888920702525;796.034652454937;656.9727815234901;659.076838898545;792.8047732672323;662.0694911603557;654.0200555268822
306;505.13522564695353;554.2119779186748;654.3979315688649;661.8164354509626;792.8916604363885;659.8374331476628;655.9387135263638;796.3129056482533;659.0904669055182;656.8261158803842
307;774.6844417091709;673.4831028688125;657.4609466463909;659.1136324628064;796.0275442681503;656.7259690640974;659.0226456368607;792.5587650698686;661.8934643411982;654.0950138593627
308;684.9750674988602;765.563627628456;654.5454196213042;656.2017957960079;792.8320375434681;653.7477607394862;662.2039420081244;796.1993769600991;658.9968376266253;657.3925769364046
309;327.3388917270173;169.8682884656185;657.3232103540637;659.2686527406867;796.059330341907;657.0012315880851;658.7822271359461;792.4957014953592;662.2723791364461;654.2466089179177
310;327.3388917270173;590.8708214291955;654.4119126261553;656.2273641073034;792.7031915814513;660.1450767086394;661.9941064028609;796.0695597620977;659.3305766231741;656.9661317246672
311;416.53897627831566;165.90326545453217;657.1894087126341;658.9752390167367;795.8690750210986;657.0455997935173;658.9538169291259;793.0957605143137;656.3525162014079;660.1032805226383
312;265.20228517492427;262.58300859245765;654.1969515138984;656.0622004608796;792.7714978850514;660.0279276445026;662.2401792765496;796.155880506893;659.2191688160312;656.9908739014342
313;426.76228623972025;471.89191894964694;657.3638743580088;659.052112430871;795.9613926942988;657.1105465726623;659.5188241968015;792.5989621809719;661.9317877796494;653.7963473194864
314;590.0351284939404;211.72129195566438;654.3270818302144;662.3465535938567;792.6784583531622;660.3182109661905;656.336287046614;796.2742561262053;658.678238531046;656.9916952316715
315;421.43374221462545;400.3483114638915;657.2097471768633;659.274341794591;796.2750848805355;657.0757927803508;659.0626063830383;792.5745319426884;661.7682308778301;654.2103125185588
316;498.3816854426362;515.5597927819921;654.247891245729;656.0662049744415;792.9001497309772;660.207050342151;662.177020466272;796.4809557881239;658.7224840758507;657.3227367889458
317;593.9863969126029;536.1334873112087;657.3802491744377;659.3430929857694;796.4734840950572;657.310276906279;659.3492845621903;793.1958108568666;661.9848550048486;654.1774235206666
318;593.9863969126029;696.4786894541211;654.3447152430216;662.542038536115;793.1143110837984;660.320463250887;656.3850125019161;790.2366819601718;665.056656312402;656.9867330651701
319;740.3725132729362;307.0709438216333;657.4675801865229;659.4266562559852;790.2142029972694;663.2661196120273;659.4635372866136;793.1910711543801;662.2854935191853;659.9459435475023
320;482.64099842236436;482.5397799584565;660.7294774889789;662.450647192002;793.2353955535041;660.5225976824341;662.7033855031084;790.4487276946277;665.0723433214328;663.1855048966144
321;621.1789955301315;616.9664021011148;657.691897723789;665.680752823883;790.2907531912629;663.596304115718;659.5525116014771;793.6200526963893;662.126025602545;659.9892884583493
322;756.9198468823021;751.1983227276723;660.4693857681856;662.5232925639401;793.5738046499589;660.6257196155173;662.806252256216;790.5609462364517;665.2049783986259;662.9713474990917
323;755.5154752772262;735.3978022161938;663.4423745544569;665.260961664506;790.3754851229832;663.5731636779075;665.8652676853065;793.6158851828465;667.9065469608965;665.9639026319572
324;680.3026047336164;644.0136827313366;666.1855741773035;668.1123688744026;793.8466782491314;666.3482110203596;668.7635315182937;796.6035391753973;670.8160536297514;669.2008357781555
325;720.4980933661933;682.2225830123949;669.080231063145;671.2424787769423;796.7130894631039;663.2285739929272;671.8145642340555;793.6367985516711;667.6250540836224;665.9986866141916
326;735.2531345611957;755.1454196840592;665.8362278037202;674.4093854666236;793.8931612402685;665.9773682656743;668.7365012995618;796.4712544390375;670.5354361220735;669.1981008668677
327;770.4807937932758;716.6590617684792;668.6590183376304;670.5347651638888;796.7831335446892;662.8533727039118;671.7413555925528;793.5061132063109;667.6705172697896;665.9011733738369
328;748.1521602864938;805.322718635264;665.8170177874904;673.6914091552349;793.6660153378366;666.0225132021241;668.998095727763;797.101380106238;670.4809617385461;668.6387494161063
329;649.9768934697195;752.2686844626272;669.0245525134853;670.6848463198986;797.3642359220761;663.307396074285;665.9845045805522;793.4382914173068;667.3082702010753;671.8554795562227
330;648.8909717766668;342.9900130087421;671.761539263861;673.6561630063327;793.5442560829076;666.3027931026198;669.0202753540455;797.6094897346517;664.1941563851424;669.1026010842097
331;528.0833685493079;175.0107498372544;674.9656994228885;670.597448122874;797.6696278192222;663.0831088352941;671.8156488194154;793.2906859077181;666.9043456452331;666.3798845644844
332;379.9029106400056;327.53882016283956;671.688280928903;673.3270835801568;793.0317794811384;666.0858815778569;669.0566975890854;797.79769548579;663.8997273100603;669.1323021412126
333;167.54971809891333;530.5988266197832;674.7965775884196;670.5387246999524;798.1794418993579;663.245156829377;672.1695407875472;793.1045545266521;666.6592402154137;666.1741188263566
334;345.89035880120576;331.46270685515486;671.93407913274;673.4836746681477;793.1613727472021;666.4208796784036;669.0388156541823;798.4055676417802;663.8646403374595;669.2859069322898
335;538.9176561336969;530.2021618146292;674.8954484926783;670.4194169136764;798.0071980406589;663.4947812550928;671.9762742122141;793.3344717887629;666.7832847684593;666.2152086250644
336;646.0922964014683;637.0017861604247;672.0154717151352;673.3883512253418;793.1949107308997;666.3755628423531;669.2459202997443;798.1820926680133;663.5865583368852;669.0726737082202
337;782.2407447803024;669.3423224753311;675.3018654254298;670.5166528384384;798.2436688080935;669.6282606138731;672.2896871754417;793.2911924321922;668.8325356600972;671.9721300686385
338;800.5345760982758;779.7412085107932;671.9981261989464;667.8125909215515;801.2057047186717;672.5964326350672;668.9906851454125;798.5136028354976;665.9955674855836;675.1197408760065
339;724.9639425256382;726.9725566107323;675.2624118185917;670.9945703694119;797.9206508913246;669.8943903004975;666.1218832629678;801.3132325962522;669.0718970351967;672.0379769958979
340;800.2525190291828;713.6368396685366;671.8984000206281;673.7979434883911;801.5290070236035;666.8795301098128;668.9261384215979;797.7837383835712;671.8550905268328;669.2577637585402
341;303.7939421000655;799.1196398210035;668.6875569780893;671.0897159653324;798.6603228444148;669.785703723065;671.7479001833391;800.879081370083;674.6343431396512;666.1752059490316
342;479.18113142427654;454.4231332212591;671.9758712304357;673.9386573503916;801.447810132673;667.0489482899204;669.0191529176172;797.9755496070499;671.6226022538053;668.9826682501422
343;545.1442805186282;538.7294178238046;669.2113161264499;670.7217923548435;798.0854016513729;670.0417046416054;666.2400286027586;801.2536668073197;674.3746327956467;672.1835339712651
344;713.3671904173434;251.63214872020976;672.4521123841831;667.5713479000311;801.4230706539616;672.8078344364961;669.5330813329414;798.1677382326428;671.4900094536798;668.89826377955
345;468.8003076162252;495.992788497092;675.5975076006637;670.382484039517;798.0885900947417;669.6995417224491;666.2827260847106;801.2141846188537;674.5902969859965;671.855376703932
346;575.7446615362694;553.352522643516;672.8862663414332;667.6272371784393;801.197858044915;672.4773952155656;669.782684218684;798.0667632059794;677.4503182040437;668.9185347489981
347;741.6363269328463;773.7896586495382;670.0915120900147;670.7803346505708;797.8404614525464;675.2257507563027;666.5333181588651;801.2473686112896;672.4592186285702;671.7337178142938
348;690.3717643224754;692.3557765160655;672.8451583610922;667.5689348888069;801.2419585475039;672.057398390359;669.8798739019722;798.047200299122;669.450498663527;674.7929204364766
349;360.34130714133283;770.6021119477431;669.9884882186699;670.3094136591596;798.2795449755299;674.9311450933562;667.022996246962;801.142711260742;672.7450415709051;671.6497820529055
350;529.3419649260966;470.1348033321788;673.2743714889049;667.1344489809052;800.9873866817977;672.0899511278484;670.2784810883152;798.2827809099841;669.685892664358;674.4013692246139
351;633.5885088896464;643.4869030955498;676.3848816282928;670.2392698996686;797.7365310718867;675.0314383577997;667.269635093636;801.3057529574488;672.4382626535792;671.534863313505
352;675.4141093834679;664.4430231072114;673.1235902887489;672.9423369131684;801.3099303790615;678.234646468635;670.1864311094056;797.5448971209918;669.594585260653;674.8294627466247
353;775.3931635638188;743.0712006192159;670.4083284349191;675.6896338150729;797.9118618060554;675.5051013354093;667.1903251185344;801.3939745193092;672.6521750968799;677.6474984747747
354;741.3403854925867;715.6379062931752;673.6215342244626;672.4655478120001;801.2619206996427;678.3301498416988;670.3754758234044;797.8658977519639;669.8833506381621;674.5884520376545
355;358.08508648564487;352.5572776419686;676.4971238293775;675.4441698525391;797.8687951436261;674.8575958575678;667.4650859198365;801.4685296460319;672.9898389701568;671.8506142307992
356;531.6971477378488;182.41411185356966;673.6395432208581;672.3177828399225;801.2936815555519;677.6276973010818;672.0563013411165;798.2053477580774;670.107800596513;674.7239684088667
357;339.8338939601036;322.88585751324564;676.9293551817494;669.1383228095851;798.5046429590058;674.7586960974849;674.8781778711037;801.0410497856448;673.1602178479217;671.4961649799162
358;455.11892562538276;475.07323444850766;674.1404948216236;671.9953254344402;801.3899467948847;677.9043440353205;671.7091660261883;797.9272511704502;676.0179200595412;674.4246361951288
359;217.67320322356284;541.9795604759971;677.1304519186855;669.247594815168;798.2150072416157;675.1602694315163;674.9325933900697;801.2732018316573;672.7861361120907;671.3104187427209
360;345.15222606303405;415.18246011329853;673.8761940002978;672.2192634638125;801.2552051207233;672.3800838417661;678.1984856738669;798.4643517831586;669.8111143510255;674.3595850688396
361;579.3698987285928;508.7332617002024;677.010245905539;675.3684890039307;798.4157990285856;669.2251478264373;674.3254622657873;801.4776983852729;672.7106158838922;671.1371171856537
362;239.4131741615843;722.0556036701952;674.2686518310466;672.6408675866955;801.4558856934498;672.5059641030206;677.5800858401992;798.4234091645915;670.0001638175942;673.8477436762385
363;498.04854258421994;429.52160456705286;671.4078505295429;669.6029288422168;798.6425360457552;675.7654298636513;674.3292980694159;801.3385636005416;672.9717195757705;676.9655025110096
364;540.8280967821955;637.4015324941639;674.2737061448237;672.3634914532616;801.891160294784;679.0400359224762;671.1349942231609;798.6239342841818;675.6890382174495;674.2362412488947
365;807.0018370208375;665.1366716067866;671.4068922139132;669.4009742427424;798.8726808945465;675.8319005220723;674.1841362464312;801.6568168923169;672.9666933919386;676.9519742898656
366;730.7524513739613;671.4889847710375;674.1965198848317;672.3381718795788;801.5958168748479;678.8197240311235;671.1341639432934;798.6315999893538;675.8819833933925;674.0453541403904
367;824.6480888721969;689.106866636352;671.4799894057383;669.6129331824142;798.5446027782839;675.7656174211423;674.3632469744628;801.7971953437966;673.1475349776247;676.8622645697768
368;352.2380401753869;724.7674310465748;674.6425464759773;672.437687352049;801.5326725631138;678.6325801483725;671.6443764651427;798.7305759221209;675.9098922250713;673.606935669802
369;559.7061277174041;477.3960213944311;671.3975356195341;669.6277648362741;798.6244278525296;675.7037568497237;674.4940576469355;801.9967361305183;672.7614100699133;676.5757844522345
370;240.69392257284076;668.5062273207086;674.5125381163045;672.3966516942658;801.7047107618262;678.5992140151133;677.7670577734854;798.5733187454748;670.0294326542552;673.7898333642667
371;483.46957237822784;454.4164835811396;671.7488015308304;675.2418313907921;798.3331934089896;675.8483901273298;681.0000720078639;801.6536003964819;666.8187388958573;676.7997662279589
372;526.4681861378025;240.23588011034366;674.9985162774807;678.3632058633823;801.5658663680116;673.0383993291962;676.4803563509828;798.1928543725492;672.0249451355235;673.6160849388267
373;388.3253719203446;414.5953868302345;672.0689317678853;675.5437971042892;797.8905353733768;676.0462585903376;673.5264990724216;801.7956201503382;674.890902312963;670.8173868084733
374;555.1443389343546;506.89065177397055;669.0130356122347;678.4528129115445;801.7985629534505;673.0759460473959;676.525930917745;797.7892238285248;677.7311913473245;674.071162833446
375;736.1892588269513;247.24780478664167;673.1939440031775;675.7388695942082;798.0828149596814;676.360461195709;679.6089709551454;802.1687313037295;680.8250122911468;670.8885673389985
376;443.72065014463675;455.02044248112304;670.0307274136745;678.7240002468055;802.5760249589582;673.5740007423864;682.8628025949107;798.4054885801509;677.5520834956727;667.7239386121815
377;557.3321950105232;533.3158607392495;667.186304414712;675.753242416393;798.6015264653673;676.5404816454408;678.6358474651535;802.3358857457163;680.5873503548626;664.7138354971208
378;793.575844732314;276.3534978670096;664.4693974198913;679.0083142235254;801.9931980996603;673.7831798465764;681.4551958946809;798.5939622496011;677.7184006200054;667.5812305841528
379;479.44083306133865;457.89528887734093;667.5409195477308;676.2158823540767;798.4304008892692;677.7372076390104;678.5982267516225;802.1592938927333;680.6262361415774;664.7389945022586
380;563.0392684481583;536.7326688885382;664.5277974646167;679.1372274541392;802.2457969851955;680.8615028947519;675.4367656180964;798.4911862941614;677.8232857427957;667.9600692941787
381;276.20287706204715;693.7538067119781;667.9923860702767;675.9655076650644;798.7175074889017;678.0757324655691;678.5748721607455;802.1349455576662;681.0800604551322;664.3534958814882
382;496.59886939370665;461.9031126428137;664.3567621650428;679.1759186863178;801.8655235438536;681.1701141404443;675.3881428946609;799.0555335858276;678.0750203671026;667.873462535941
383;547.221359968382;548.9001918903997;667.7471695634008;676.0016083610772;799.0923319094113;678.3349992632491;678.673282261852;802.3085922450937;681.3148874135726;664.5757671291104
384;767.0301368514426;789.3880726341476;664.3415775094987;678.7121797431602;802.3847878963147;681.2709085614009;675.5894820455102;799.0780547207099;678.6063853310268;667.6692905108417
385;765.8881756305041;705.7021562105957;667.7574338234328;675.5162945656283;799.2379389673769;678.1017707549142;678.6448632677692;802.2596751086876;681.7999782912979;670.5692204747633
386;719.910028828451;721.4529997168124;670.8946985297509;678.4819800889727;802.2778580502528;681.1032708370342;675.5829001006081;799.3149749651903;678.8721676646419;667.4038422894233
387;306.14830028011363;364.88052538554706;667.3631571745768;681.3371601443936;798.9937995893932;678.3153061535417;678.6521958639836;802.5049410692054;675.7938820958908;670.8231375325837
388;152.39304205562945;547.2084837526596;670.8332073233272;678.524376166718;802.8507226203794;681.1970692648705;675.8547903850232;798.9457202216875;678.8259594713629;667.3849038186555
389;337.8106127624242;364.7108427755054;667.5067557739347;681.3066522551588;798.6243179119896;678.307012917369;678.6997671128904;802.9501842336364;675.8760261788779;670.7843640291836
390;470.02079237714946;496.32571871609235;671.0924963865909;678.2396632931545;802.8632919891243;681.1507742891808;675.9524390493979;798.5442410647544;678.6353508166646;667.2199732149738
391;563.5271758644982;610.3217180254286;666.9922504354408;681.2272505328596;798.4747590136934;678.0806319616593;678.6718766462674;803.2207839456152;675.8790639723439;671.2386474653205
392;256.063860729212;700.5806348324376;670.9487188215427;678.0027704875299;802.804079954897;681.3387702979195;675.429800818456;798.053266620658;678.7854040237031;666.8649170201894
393;477.7075743798843;458.5810631847705;667.14255113976;680.799426450325;797.8293607385107;678.5497532189321;678.3708284322316;802.7682296322773;675.680477516721;670.6616164383979
394;216.82761631292573;529.4570285831445;670.3849187933235;677.6287053116396;802.8434748327874;675.2809428870536;681.1862679892204;797.4378979017255;678.4351479609785;667.1326929886789
395;341.9171241449381;410.1403182156213;666.8131039756959;680.7458683617344;797.2404235055261;678.4250480531116;677.9776339868457;802.3034572588851;675.6342016913557;670.5190741123714
396;495.1699523760608;506.2880587576047;670.803345392564;677.5105133817391;802.4629162916157;675.3159169151121;680.7609193250139;797.5008472283859;678.6168719765689;666.7681702218468
397;535.3976086546654;236.42695326558865;667.0884014538847;680.4650715768264;797.134416093992;678.2356187170526;677.7982603839928;802.5826297352423;675.7149611909105;671.1684580631814
398;409.4406626906982;406.1487107219599;670.9010559732128;677.1799003595817;802.4705430159626;675.0171836956789;680.8289284439193;797.6148312276996;678.7088025492019;667.2365479382236
399;197.5944606541253;511.2552214759323;666.933151708854;680.4226177506159;797.722967585658;677.862978607247;678.0831200333683;802.9072587299929;675.5210609320872;670.960650950199
400;370.5159302164826;354.3665835160616;671.0791517994431;677.5260630632562;802.6216235031038;680.9258429550082;675.1655352075934;797.4555023128945;678.3112404470608;666.8554997341256
401;523.9652390561612;532.5983756965201;674.9430807355993;680.5320964522983;797.6983449012505;678.1814679913434;678.0843846250962;803.1084311817547;675.4180516074807;671.3208908073401
402;593.3560181207156;655.8503415423011;678.0682642938532;677.533276739711;802.6211737956694;675.4670797319724;680.847909507925;797.1949630222433;672.4048663223122;675.0434146675149
403;680.3284336494345;689.0862480590291;674.992101975818;680.5526223413964;797.0414919255655;672.6749408389835;678.0814178316922;802.783319203534;675.1054107729595;677.8799565977773
404;675.0654125691572;748.6533871578828;677.9264237039145;677.6227853162169;802.5988479270226;675.8668591945932;675.360445618761;796.4746249556655;672.1802166791744;681.0995245266294
405;738.0105584548139;695.7558767860177;674.6825092398223;680.5049007991822;796.7893383540578;672.9883649286843;672.1818955416231;802.9169234864956;674.9204703306377;677.980158632586
406;744.7803295666462;837.6568851066422;677.6789068453398;677.3095414826662;802.4531459375387;670.0699369860024;675.3799124416133;796.2478592196958;672.0667876674213;681.0829259232033
407;323.58656325678015;679.1312727796106;674.8372810633493;680.0827953741413;795.9565418352765;673.257706991637;678.4214565600633;802.5470483659823;669.1697073170287;677.6151650525686
408;456.9434937552282;525.9533224973557;671.9817443528615;677.3093435359542;802.1050642772777;676.0556878034922;681.1616882714518;795.6979234731488;672.9459393533662;680.902809508669
409;560.3986265805502;600.2729315611867;675.2700785860428;674.6063370371133;795.2552593817464;679.3402277633875;678.1357976470999;801.8707690173375;670.0764562116681;683.884331913255
410;711.403649775911;766.9680169204722;672.4905997319925;677.3617713162698;802.3039212191381;676.1736517006291;681.3677677124408;795.4371738384134;674.959113823407;679.3034917578076
411;327.8758273749069;362.4768929097792;675.4099497210314;674.3334677760647;795.6016191916021;679.3046171179134;678.3639216738111;802.3179975417302;678.1389717215495;676.3800146126704
412;529.5350607270967;505.8243144475468;678.3721990731557;677.3982076979097;802.0832993127528;676.2839021103931;675.3366800708018;795.057576222852;681.1882741343227;673.5786251325435
413;609.8619531452149;564.2839462515661;675.420729745117;680.3461878768356;795.070511295677;673.2688391167517;678.2200344594291;802.311093064325;678.104970693809;676.6934396133205
414;796.969123079163;743.0915641260848;678.1251844885795;677.2010890883147;798.0168506927781;676.3464356145288;675.0497128014786;798.4289152817781;681.3067820035643;673.7563465845748
415;703.4861806772938;761.8647298734612;674.9005430869943;674.3568152926435;801.2121065332564;679.4652396583922;678.042670104076;795.1871034662255;678.2603320577589;676.8570818443072
416;361.3980419359938;677.2795991643059;672.1441837122503;677.6162658633763;794.9333991004714;676.4943926395839;680.8589209681363;801.2393588976585;674.9612933191622;679.7019952207263
417;523.9638069995638;560.9637209513648;675.4244272742853;674.3292616172828;801.1514281459133;679.7326275777359;677.8539691309018;795.5578525661091;677.9599285324983;682.9288162418288
418;557.2404484559327;568.0080688167858;672.3449921791171;677.5202555139897;795.8696117319295;676.8969360380661;680.5653503388982;801.4533400189902;675.1888378505213;679.993804481428
419;670.6881577695418;265.788393731125;669.4588701038917;674.2534118976787;801.4780272478266;680.1484788461933;677.847604973902;796.0050888455542;677.9907798392936;682.7646542195007
420;467.3630830511982;497.73064427821316;672.7266570583184;670.583840797422;795.7832317544697;677.2610071814403;680.5917295578654;801.9209353259212;675.0009657201339;679.5467535482068
421;229.08100808549352;253.47702306739433;669.8581029371587;673.3579222775696;801.926026300038;674.0480891104501;677.7665445280073;796.270090558162;671.7910422633636;682.3294410383022
422;482.84022932449125;417.05797387191564;672.6539746405638;676.3001655429896;795.7382005625733;670.9006719677589;673.891839181143;802.4242583691844;674.8235792329632;677.3512789344318
423;622.3079645381264;539.5807057419952;675.7152620673976;673.3108734584504;802.887022788986;673.7368835105274;677.1288215028833;795.2191510577774;677.9086828412478;674.0656296685681
424;269.7102028231217;665.1312834716445;678.9741597756695;676.057989965783;794.6579213918665;676.6353442936598;679.8423794981054;803.6063947159274;674.9459924511016;670.9600182971576
425;433.7653587346907;494.39737530678457;681.7059735994434;678.9602995177797;803.9626450555464;673.8231435437478;677.035954546071;794.4417151868658;678.2308415259048;675.0041190073097
426;561.565568716259;614.2022521848374;678.5461435883986;675.8412317735458;794.141728713152;676.5959605937325;680.1660257271201;803.0420555182511;681.0808112057624;672.2279843761759
427;757.3229406465515;267.30495485235997;681.5411764793852;678.5671493581915;802.8056659967272;679.4853873686093;683.3239362392973;800.3394079423108;683.9031674118065;678.7540118428176
428;515.4474626700794;506.33418874335257;684.5380730432113;681.2986836127226;799.5953643966135;676.5535990898721;686.2231956354519;803.2345541914314;681.2004774972382;675.6059109676984
429;622.1856931789937;563.7187632177498;687.6125351129797;678.2780240462118;802.8751500321775;673.4231096124801;683.5095300404261;799.7885034644371;684.2797027316019;678.6347266261022
430;761.8508588702476;738.5471257750481;684.1347189714302;681.1261425551077;799.6782283967999;678.1659976591889;686.6586236176802;802.6217610564846;681.0447100009746;675.3406656985104
431;370.2808672237831;692.2095933217533;686.9558682528664;678.1289667874987;802.48055699583;675.3265734864877;689.8114005434463;799.4040268851228;677.8492462557332;678.1513923299987
432;479.59678791965825;528.7711506295876;690.2500585093143;681.1269327590293;799.5579529758186;678.0609025867802;692.6085022908327;802.6572780304964;680.5908067116798;674.9427336095398
433;555.0568558234829;611.9770845253635;693.2630848849326;678.3144593689699;802.3970740863871;680.8999688419917;689.6208115998435;799.4044380376373;683.8753821412571;677.9865636118016
434;771.4024682966976;777.0054744565634;696.0706871018068;675.4297101211511;799.2125449109689;677.8371309990448;693.6013169175145;802.6813492006736;680.8284143684431;680.8890573021835
435;356.77646275061227;480.1155918639872;692.863900248638;680.5162544826977;802.8395807383932;680.9644407297582;690.707980472948;799.3884636887661;677.957023664702;678.0457910641423
436;533.6644958480176;631.6537299419781;689.7471815839197;683.485378780613;799.6091107455508;678.2272374577022;687.8917374727317;802.5181768650735;680.8551801248856;680.7872570864239
437;682.0017801912181;676.0320356258824;686.6115018882458;680.2687168633385;802.428443381043;681.3184035720104;691.0657692025162;799.7879114890103;677.7548850009484;683.6993595256222
438;754.6511873078642;332.4231957205702;683.3351494523271;683.1894033196739;799.644572888518;684.2841588543755;686.5721320817407;802.9194708333167;675.0482732481322;680.5961279175197
439;496.3331006747554;505.1722329914549;680.5952611950592;686.382171512331;803.1913506053313;681.0766290317634;683.8688083434885;799.765929348048;680.2475602333412;683.8773166267665
440;563.3588153692109;604.2141651368828;677.3350063676256;683.1090415669195;799.5506322722046;677.848034989938;686.5830236031645;803.4374485107099;683.4539636390426;681.0188448807429
441;693.7317425176725;806.7448196332518;680.5143930396455;686.2337703866311;803.0670764743647;674.7384785843237;683.6397002545308;799.1731383220628;680.7208673185517;683.9664830933015
442;342.20814286484773;346.5534285356398;683.6482187103805;683.0520506207058;806.9309049959436;682.6695854100925;686.8138824748098;802.9318758215061;683.7780418853893;680.9893979481985
443;482.3315214134155;484.3757174446444;686.6078087636887;680.3203671635539;803.3201694645691;685.717145232846;683.7488028064215;806.9135517093811;680.9917489959149;683.9328480168972
444;599.6464374320286;636.2386636025409;683.4131350186896;683.2402277092461;806.6459392104067;688.5946277748648;686.923785405418;803.0291455703702;677.8108040120661;680.7373603820557
445;286.0405744313632;750.5128426315276;680.2794855261815;686.0944739649267;802.9130984896159;685.8712928406177;689.9750180968842;806.3613476185935;680.6627249022347;683.4830040643237
446;498.9138698852206;439.4526610130898;683.0556402539452;682.986764615214;806.3524481108358;689.130720499631;686.3576938456064;803.0370761110078;677.646121172535;686.3711702502766
447;240.37642427932414;543.1977212622415;680.3260471215078;685.7920164563378;803.2498206537381;686.103908841524;689.5847257388474;806.6290181398521;683.1566592222533;683.2047113071197
448;386.7264729875369;371.1775025326193;683.1022370733212;688.8060347090258;806.3646256133699;683.0434238400455;686.0691381288002;803.2256737794538;686.2269661571901;680.3272093784278
449;180.51695667912048;200.5328267830204;680.1066432846116;685.7924792668673;803.3675491101673;686.1973706474588;689.1564827383671;806.4241679949937;683.1286435123562;677.5996807414286
450;400.90237723113296;471.9219363248291;676.8601212819092;688.7579903920639;806.5490954625528;683.4482533071005;685.9560558855139;803.3511714019018;686.3059325316312;680.3604492421388
451;616.252984253531;604.012309888728;680.65739583712;685.5497600330871;803.3073581871033;686.5830133162059;688.92798666364;806.385017966543;683.512438530104;683.3164342224625
452;768.5312381049254;698.1257244233717;683.56231203934;688.677323843553;806.3191528295033;683.5701047245653;685.7059394124944;803.4251496327457;680.6646947529756;686.1996461022889
453;790.3534810088153;723.528429436601;686.5901112838551;685.42930702375;803.3234651801583;680.8196847508907;688.5699722614486;806.4178155329356;683.6170129572132;683.4816294862542
454;330.7650011160972;770.9226151959033;683.8261142061453;688.3192207295236;806.3789581284615;683.5972648120319;685.7237851321858;803.5702858382125;680.5975814531665;686.3177475780509
455;477.921033505362;510.9935579042293;680.7869825129171;685.2770558036877;803.112858834741;686.5655520384735;688.7031236991488;806.7561335362292;683.7185464634284;683.1087956103111
456;582.3586777024956;603.6387848115149;683.5732590630225;688.1500393331315;806.9912184446773;683.6615258944765;685.8906077755564;802.8060966157557;680.4288779403016;686.0175705185495
457;711.6990396246758;276.0816510458889;686.8308330938503;684.950697780148;802.4820560745292;680.6877062397356;688.8848947383884;807.209758096124;683.4199249183044;683.1557446609926
458;485.7258216887585;639.6758716683861;683.537636849677;681.6957175001636;807.0606812049664;683.8297227004294;686.1215941330064;804.4563792367188;686.6692801138474;686.2289784919063
459;567.8976301404036;532.0026200497972;686.4284231163764;684.5345667771853;804.2111614607605;686.6579698296479;689.0704680370775;801.6601086995893;683.4284444884956;683.3586934882536
460;653.3980282269857;653.5702828276728;689.6490971519386;681.6815774352212;801.2511850744743;683.5214003187849;692.0014874346062;798.6627745962769;680.5367456471768;686.5894721311864
461;685.2471963545211;747.5869423249005;692.8373129583499;678.5569612137202;798.1196333619744;680.7904789395667;688.9923741157075;801.3781187682981;683.4156029287557;689.5109744072063
462;362.06477695974826;650.8631956729301;689.5864704874623;681.431115680992;801.4391832503208;677.5416737534177;691.9518338287862;798.0632398951919;686.6338905787725;686.3119676332996
463;533.406233672519;197.5536700252247;692.8509727993863;677.4908349794341;798.1698904513058;674.3264263327187;694.9761443584625;800.8405543156099;689.6144998013561;689.2948302800987
464;395.8716270406463;375.63293227618226;695.8650522141367;674.4382509580558;801.0892675596835;677.6706174597647;692.207688481352;797.9094884040225;686.6993278251826;692.1632598743054
465;524.7905377049344;181.11490108921302;692.1902525462125;677.3508733452412;797.7405318083038;674.4844707419038;689.2433846683422;800.8212674272947;691.9318949623483;695.021131098437
466;386.5279558565352;322.33840903018876;688.9735493771087;674.3203222714748;800.7467055344729;677.7118947616531;691.9658081964136;798.0085263987423;694.653504164324;691.9136328688589
467;526.9720595034461;552.3139760666493;692.2248133055818;677.4676199237028;797.885967827923;674.2924537671429;688.8939777653763;800.7554523863549;691.373707898381;695.1861559959603
468;598.0069331776463;570.2996447608508;689.0079390233334;674.0215412105185;800.7077225821437;677.6482319792663;691.8068242357193;797.4574303201833;694.2378362681618;692.4411953646747
469;769.1647687549814;725.1317862422097;692.2715246205667;677.3787091414362;797.176836962368;689.5700722620262;694.5219977326011;794.29783202521;691.1000468535781;689.2524874308734
470;353.9409129002309;368.90214083809445;689.425050437704;689.0014718882774;794.4763815626876;686.5623818391265;691.8071252563535;797.1738624716832;694.1786178306604;691.9609441071958
471;524.2323980574;505.28699994622224;686.5093165955067;691.7106573883209;797.5309088215254;689.3031774999081;694.8833710097381;794.0014053681966;691.335743328854;688.9579889212379
472;652.8641559131225;631.9300059265564;689.6758654150135;688.4674033337128;794.1888031978759;686.5237319906349;691.5751039522613;797.2735032954258;694.2285073715004;691.7062461194989
473;795.0133186608065;697.718170257832;686.578097706921;691.5027919490236;797.2228343548301;689.2668409608436;694.3343707368226;794.4956376495406;691.253686328076;688.8732859561584
474;803.6689637993869;716.6573153342695;689.3020936194761;688.2796110356851;793.973684692915;686.1312605238958;691.1721388733251;797.4349294881483;694.2461680348562;691.5983392726384
475;725.0122880427173;772.0883827894794;686.2644303966968;684.9861280749051;797.2777712219146;688.8616937985188;694.4051870530593;794.4461188246992;697.5438859841274;688.8094758922272
476;770.8205922623656;718.1682920992232;713.562102090249;689.2164231931995;794.4907654081613;691.5744048301945;697.8328475499966;797.3664909514781;688.5409222703946;692.0001782276088
477;701.1773406077576;726.9741247328016;717.9917649352514;686.1333016805663;797.3035794625877;694.4261938313731;692.4920033099802;794.2540603784787;691.324895777929;689.2669887755047
478;311.11511288603873;808.9699094263215;726.721993644445;689.0741788686753;793.9814771332012;691.5569872840202;689.2585392642001;797.335629908528;694.6162589571663;692.4078251914341
479;460.0169412366275;515.713069542495;699.2678644813191;692.1920810294803;797.4056769070788;694.4923741460789;686.3672643496969;793.9777819555521;691.8567643912462;689.6244730870528
480;600.1368513335293;631.5165079604477;694.0308144987449;689.1039589431019;793.8892469971911;691.6118449966559;689.4954878331591;797.6817882017716;694.6713953251569;692.7927134094703
481;694.5527151412026;697.3742648839566;697.062247991779;692.0084146962213;797.4823078885983;694.8494194576367;686.7350197312268;794.2589733209976;691.8536941983712;689.8320821782044
482;707.9213023727289;783.4972133475984;700.1899755254884;689.2114012275196;794.4660057869366;691.8004052910661;689.9506268922307;797.7561209203042;694.7027687172091;693.0279865847697
483;726.9125410429198;354.3098129291514;695.1491126221849;691.9804763650178;797.8777688226684;694.8648322337309;686.6684031602001;794.6993217871262;692.0027359806661;690.0884581996904
484;570.6349728025093;510.44182471103244;692.4465556780915;695.1745892067777;794.7421603277629;697.5968298093981;690.3595421650147;797.8766643019642;688.8420697938487;692.8071173896535
485;668.5203632906349;577.0844561054473;695.4855042398087;692.2197493097401;797.6635419961449;694.3519419799248;687.4998108922086;794.636749372189;691.9326724612696;689.8057103991528
486;720.6228260051054;718.4545370667463;692.3812907188949;689.3637336709396;794.9280459117629;697.59413891675;690.576427401653;797.6085039779259;694.7195777241943;693.0380081284678
487;708.2205557595978;818.666077047782;695.4012225416969;692.6193764461422;798.201260958604;694.6097723763883;687.3674643956053;794.8542186496308;691.4969212511362;689.7916847230385
488;781.5517342502897;316.76046482205606;692.3363974405662;689.3825226618892;794.9756658255371;697.5340242846347;690.1290208746705;798.4546677103992;694.7170961155076;692.8707767010218
489;513.0740966491591;538.5255107810923;695.6038776220928;692.5860470783654;798.4702963740764;694.7563256958026;687.1312986768394;795.0172012704172;691.7726052665494;689.8038215236433
490;237.13557322740022;251.36282466224773;692.8660250677956;689.4614020710868;794.7125086938651;697.8176564725695;689.9641383109362;798.5510631836656;694.8282423458833;693.0924309905048
491;437.6448753360848;515.6640910836182;695.6178145179049;692.4371243343365;798.3829558497687;694.8072815756632;687.2424474621798;795.0639558370544;691.5857530157806;690.0538982245984
492;211.75618655386143;596.7776091358417;692.5901979652144;689.6071480125182;795.0905481962815;698.022990642391;690.5252358690137;798.1691139888968;694.6620761003061;692.9966348276151
493;420.14249787594275;395.89051989576444;695.5759667158125;692.6490263479726;798.1878310737012;694.6318879921826;687.522602741398;794.9646093838325;691.6931453301385;689.8679540026146
494;521.0602378527785;180.49616198190276;692.873267928609;689.8487650815265;795.0260159005678;697.7891146239687;690.8165097422512;798.2787198758731;694.7912196023794;692.8117686301106
495;317.72842367498225;324.29804544192217;689.6429022014925;692.7383101965036;798.0085110432406;694.5936047405177;687.5725988885407;794.7220103609227;691.9189924275072;696.0928441740191
496;460.68786038048034;511.3803458730481;686.5645282899811;689.8373330527081;794.5527879257177;697.4771341535065;690.5557103612636;798.2719814536935;695.1659831019266;693.078049468938
497;588.6644841413967;546.4939015798716;690.0991152978705;692.6665291540769;798.2735756175965;694.4299515949696;687.6272431090488;794.6916207433312;692.1887361920278;696.0548734796336
498;672.2731216764947;681.3756894665127;693.3514112101035;689.9112406703969;794.7302987074062;697.6159536436512;690.8394993356701;797.9786606722224;695.4807792728183;693.3445552073096
499;811.7723261037638;784.2116954067804;690.155734271503;692.9150544518313;797.6738828224313;694.4964843412562;687.6450641264469;794.733567595775;692.5673996806543;696.4720273087954
500;690.155734271503;771.7708525038853;692.9908579393473;695.9985173902144;794.6237431725498;691.7311866205163;690.920177213478;797.9754076982418;695.37290449297;693.5043983128477
